[{"assetType":"API","assetObject":{"name":"petstore[1.0.0]","id":"a9491f93-16c1-439e-98f0-9b56c4c6d516","status":"Success","explanation":"OK"}},{"assetType":"PolicyAction","assetObject":{"name":"Policy Action [Straight Through Routing] -> Policy For API petstore[1.0.0]","id":"e9714735-5931-4984-9348-f9398b8246a2","status":"Success","explanation":"OK"}},{"assetType":"Policy","assetObject":{"name":"Policy For API petstore[1.0.0]","id":"c5734e2a-6e52-4d7c-99aa-036a57f76032","status":"Success","explanation":"OK"}},{"assetType":"PolicyAction","assetObject":{"name":"Policy Action [Enable HTTP / HTTPS] -> Policy For API petstore[1.0.0]","id":"ee5f095e-1783-48c0-b096-1929daab5160","status":"Success","explanation":"OK"}}]